<?xml version="1.0" encoding="UTF-8" standalone="yes"?>
<!--~~~~~~~~~~~~~~~~~~~~~~~~~~~~~~~~~~~~~~~~~~~~~~~~~~~~~~~~~~~~~~~~~~~~~~~~~-->
<!-- @package   CommerceLab  -->
<!-- @author    Cloud Chief - CommerceLab.solutions -->
<!-- @copyright Copyright (C) 2022 CommerceLab  - CommerceLab.solutions -->
<!-- @license   http://www.gnu.org/licenses/gpl.html GNU/GPL -->
<!-- -->

<extension type="package" version="3.2" method="upgrade">
	<name>CommerceLab Package</name>
	<author>Cloud Chief </author>   
	<packagename>commercelab_shop</packagename>
	<version>1.3.2</version>
	<copyright>Copyright (C) 2022 CommerceLab </copyright>
	<license>http://www.gnu.org/licenses/gpl.html GNU/GPL</license>
	<author>Cloud Chief</author>
	<creationDate>March 2022</creationDate>
	<packagerurl>https://app.commercelab.shop/file/commercelab-shop</packagerurl>
	<description>
		<![CDATA[
		<div class="p-5 mb-4 bg-light rounded-3">
	<div class="container-fluid py-5">

		<div class="text-center">
			<?xml version="1.0" encoding="UTF-8"?>
			<svg xmlns="http://www.w3.org/2000/svg" xmlns:xlink="http://www.w3.org/1999/xlink" version="1.1" id="Layer_1" x="0px" y="0px" width="428px" height="90px" viewBox="0 0 428 90" enable-background="new 0 0 428 90" xml:space="preserve">  <image id="image0" width="428" height="90" x="0" y="0" href="data:image/png;base64,iVBORw0KGgoAAAANSUhEUgAAAawAAABaCAYAAADkdGIcAAAABGdBTUEAALGPC/xhBQAAACBjSFJN AAB6JgAAgIQAAPoAAACA6AAAdTAAAOpgAAA6mAAAF3CculE8AAAABmJLR0QA/wD/AP+gvaeTAAAn UElEQVR42u2de7wUZf3438+yh4twEFQUUhEvqa1oshnZVxhEaizzmtcumiVqon2le6fLN/NVbqm/ 0vJemaTmNW+Z2agJA5qBjlh20tISFFBABAGFc/ac5/fHZ/ac3T27c9vZc5Ce9+vF67A7M8/zzDM7 85nnc1Vaa7YU1j+x054oTlCKKVoxEfQuZMiCBsWrKP5JRv8ZuI+M/nPr/q9vOYM3GAwGQ1NRW4LA 2vDY2MO04lsoDkNpUJT9071/ATL+Z/iXVlysMvqG1omvFwf6HAwGg8HQXAZUYK13x+1AhmtAH68y oFXPqOj9rKsEF5VCTPFXFKe3Tnz96YGeTIPBYDA0jwETWBvmjZukUb8jo3dGgfKFUI/QymiUKhNa Gf9vSWhlylZc0IFiZuvE128c2Ok0GAwGQ7PIDESn6+e+azJazVXondGABu3/RfMEMBvNJK3ZpvX9 rylQLWjeDepUNHehKVKSs90KrdVgNL9e/+x25wz0hBoMBoOhOfT7Cmv9IzvvgtJPkWFHBZDRInsy PA36C61TXn0stA1vzHgUF6P0yVXqQg36yNaJax4YgLk0GAwGQxPpV4G14eGdFUo/olHTUaLmU0qj UVeh9OxWa0VnnPbWPz3mNJT+BYqWHhWhYg1K79u635pV/TqTBoPBYGgq/asS1JyEVtNVSZ+nAa1+ 3Dpt+blxhRVA66RVv0arE4FuulWpze3Q/Khfz8tgMBgMTaffBNb6P+6s0FwAiCeFVqCZq+FrjbTb OmnVvWi+B5TsWYA6bf2z2+3WX+dmMBgMhubTbwJLwRSt2Zfu0mfdhVZntR66vKvhxrUqoHnRbxc0 g0B9tr/OzWAwGAzNp/9UgpqjFeXegOqe1hnL/pVG062TVnWi1Y+lnx7V4FH9dm4Gg8FgaDr9aMNS HyyFUfkmrNtTbV5zJ77Doa8anLT+2e2H9t/5GQwGg6GZ9J/A6mZviQz2V1ndLEyz+db8qpVo9RI9 zoJaodmz387PYDAYDE2lP1WCo3uFCWjN8ib0scx35iipBrfrt/MzGAwGQ1PpN4GlISsCSwRK6+HL OprQSVeZsIJuNai/zs9gMBgMzaX/vARLzhbdUEq33oRe5E+pL4PBYDBsNfSnSrD3b3cT++jpRxmh ZTAYDFsR/eklKA4XzeyiTOVYoRo0GAwGwzueVHIJbrhtvEJxFIpPovggirEoPbiyECP0Kc7Yp2RI z6hE1mR8JV/ZZygrO1KrTVXmO18qQ1LSFCreUhn9Muh5KK5p3W+NqaFlMBgM7xAaFlgbbxk/QStu QXFwr8ChUnhUfK8rP2fkOw2osn112b5VWd0Bv8BjWZu9n+sWeqzcJjW2btSKWSPfs2bDQF8Ig8Fg MATTkMDa8JvxeynF4yjG9AiTHoFA7+qm4jvKVkGVnzWgetrQaFRPG6r0uSzLe6yCj6psxUX5d3qh VmqGEVoGg8GwZZPYhrXhpt1a0OoerRlT4VBRy/Gh4rvef7r02ZdWZVkwQKtSXsAee1R5lvdSiidV 1q7u+azq27NKCXJ7v5+stL5qoC+EwWAwGIJJvMLaeONu52nFz3pUcrK6eQjFBSi8ESct3VS+/4a7 d9XlqsARR7+cukfE+id2motiWtmKanrrQSvn9mxfvEMriuko/UONeo/KlKQeaMXkkbk1i/pr4g0G g8EQj2wDx85UaFmtiOi5U8FJw09eWl8Cavw0F006Gy2NK4WoD6uEceuBq9cD961/Zod5SunH0eTE cKZRcCZgBJbBYDBsoSRSCW6cs1srmvf2ZkZX3Voze/gpIcKqPwJ6tapUDdag9b2r16HVN6rGNaXJ IzMYDAZDAySzYWn2ptyGpPnniE8uXRZ8TKU9a8O9u6YfJKUZ6v8t2biCUjP9qazgI2j2Xv/37fq3 ArPBYDAYIpPoAa1hx/LVkkK/HLT/hjvGz6xwfJDjfrPh3l1TExDrF4z9mIL3S/s9ThyXrl+4U80S I63vXb0RWNvj2IEahGZMinNrMBgMhhRJZMNS3eykM2X5AVGr6+274fbx41BcAfSusMRsdAqK+4Bb Gj2J9e64YWTUHLTOKEqmLIXW+kClOB/4Uc0DNa+CGoXyhZZSY4HXmjfdBoPhvx4vew4wpOybO8kX XxnoYVWNMQfYZd+8Sb54/UAPK6nTxU5Ki2Dw3cpfrbun5lBKF6dXmpS2fpQUBBaQR7N9SRaWd6Ph COoJLFgB7Eu3knNBjwOeSWtyDQaDoQYFYNuyz4uBLUtgwWTgJ2WflwDvUIGl2QEo9/hbGbBvjVS3 PQd2pXESCrq0nypDa13maqEAXb8PrV4r6Q59j8exaYzHYDAYDOmT1OliHIDq7gn+XVVvVwWPoNlY 4R3Ya8+6J5Wz0DylYHl56ZIeoaXVPQHHVRR8VGgjsAwGg2ELJanTQ092C19o1VUJDj9l6WrgM2g2 V2W8+OmI416+N42TGDFtRSeaT6DVuqosGHcBV9Y9ULOy0hlEjUtzcg0Gg8GQHglVgmrHMhdBVMAK C2DEKUt/u+HW8QvRHAMMBx4dceLShWmeyIhpK9wN88btpTXHodQYrfUTrYe8+qfgo9SynhxRYgDb NkpfBoPBYOh/knkJonfqyQMo5qhQz7oRpyx9GXxvwSYxYtqK1cDPIx+gWQB0omjxvTSeaub4DAaD wZCcpDasMeVJZwlyutiCaT1o5RJQh6G5Fs15aGWS4BoMBsMWSuwV1sZrJmyPItvr2qA3Dj9jydsD fSJJaX3fygXAgoEeh3LcPYD9gZ2AbYBNwBrgJeCv2rY2JW+9Zn+jgAOACcBo5GJuQNxrn9W2FdvN VjnuDsCIgF1erT4P5bjjgEn+ebcAbwDPAs9p24qUyEs57lAgD+zh97/RP4+ntG29GWP82wA7Buzy pratNVXHDPf73h0Y5vf9AvCMtq1I94VyXAW8B5gIbIdc+9XIdV8a9zoE9DMI2NfvawwSbtLh9/Uc 0K5tqxizzbHA0IBdXqnVpnLc3YEDgSHatm6NMU97Afshv5dhwNvIffIff7460povv8896b0vhwFF 5Df6PHKfpHpfJsLLDgJayBe3hLGMIF9sWqmmJCrBMWiFRvs1qlgxgNPzjsYXUv8LHAeMD9j1beW4 DnC1tq0/NtDfCOAzwCeBgwlYYSvHfR640+9zWbQeuNRvvx7Tgbl++8cAXwc+WGffl5Xj/hK4TNvW ujpj3Av4BnAKYhutpls57p+AS7RtORHGbwN3B2y/HJjt970v8B3g49R+YG9Ujns38ANtW8/VGf8I 4AvA56lz/f3rcBVwrbatzRGvQ3UbBwHnAkcjArEe65TjPgBcqW3rsYjN3wpMC9i+O/LShXLcFuAM fywT/e1L/DaCxr+PP0/HAe8K2PUtf/xXaNual2Su/P729Ps7HtglYNdNynEfBq4Dfq9tqztK+w3j ZfcGTgUORYTptv73m5CXpQXAzeSLC6qOG0vfuT4ysYDxskOBE5DrMhm5Nhm8rEZeGD3gd8Ad5IuR XxyDiF1e5K2rd7O0UvMAlBRXfGKbM5d8MFYj/+Uoxx0JXAScQ3y1rAucqW3rnzH6ywAzkYDF7aIe 59OJPKgv0La1MaSfGwgXWAuBXyJCJgqvAKeUP0D9N+0v+XM4OGI7dwAzg1ZcynGPJURgaduarRx3 FhJUGaXvTuCb2rYureprKnATwS8q5fwTOFHb1l8j7o9y3F2AnwHHRj2mDAf4vLat/4T0MZcQgaVt 6yXluPsBNwPvrdq+RNvWhDptjwYuAT5HvUzW9XkIODts/FX9bQv8EDg7QX+LgbO0bYVXfPCya6kM HJ5Ovjg3wnHjgB8DJ0cc31xgFvniP/zjJyAr0XJGky+urdHX6cCvyr5ZQr44oWz7icBlBL9AlHgd uVcvJ19sKPY2vg1LM7anjqJ4173jUhkdMm9hdqq78IBp7qJPz5i/6HuHz3/y5sPnP3n9VHdh093a /VXBIuQtM4kN0QI85bgfi9hfK3AvcC3xhRWImu4rwJP+m2cjDALuIrqwAnnDfUg5ruWfjwKuRlZz UYUVwIl+O9s0cgLKcc9FQiWi9t0CXKIc98KyNo4FHiG6sALYG5ivHHdSxHFORbK2HJvwVG1gsXLc wxuZL38s04HH6Susgo7JAU8jK7IkibI/jNwnMyL2tw/wFLLaTdLfgcDjynHPanS+auJlLeBvyL0T dXyHAn/By340xXEovOzFwO1EE1YA2wP/D3gEL9uQJ3Z8laBWO/SUqxfV4BYlsA6Zt3C3rOKArFIT s6g9Byl2zaLe1aLUdoMzatvBSg19z9Chg2pd8Y3dXaccMm/hiMemTW7K0l457nhgPtBogPJw4G7l uMdq23ogoL9tgAeB/0lh+PsCC5TjflDb1ksJ2/hfIMkDcBhwm3LcicgD5eyE/U9GhM1nEx6/DzAr 4bHfUY77Z8RedCsiyOIyErnuB4SsFP8HWSENjdxy/f5+pxz3o9q2HknYxkRkZTUy6gHKcfdGNAnb Nzj+UcD9ynE/EqQiVI47AZiH2KkaIQtcqxxXa9uK7q0chpc9BLmPh9XZYwWwFLGftgI5elXkrcBv 8bLTSSdP6reBr1Z99yrwL0SbsD1iZ6ylop8G/Akva5EvBmpr6pFAYMkKS6HRUmZ4dew2EnDIvIWj Mor3ZVH7ZpXaJ6uY0ALjBqnMjoOV2rZFsc2QTKYlNzT5PTo8M2hYVnV+CLnZU0U5bhbJ7JFWNo0W 4GbluJMCBMi1pCOsSowFHlCOm09obD66wb5vAD7S4Dmcrhz3Wm1bTyQ4ttG+L0OM9kMaaGM34JuI 7a4PynHHIGrNRoVViRbgTuW4+2nbWp7g+OuIJ6yGIvdJo8KqxFDgDl/I90lw4NvV7qVxYVXO1cpx n9a29WTDLXnZMcBv6Sus3kLU0jf3qPx6j2lBhMPXkJXmMET9fFSDY/kA8D3/02bgGuAa8sXnqvZr AaYgWqTjq1rJI8+lTycZQhKnix17KvuK0GrI6cJ/kO+EqH7GIcvMXfy/48ZlW/Y5fJttxueGDk2/ flYNMqh9aILAAr6IeMOlySjERtHnh+irnRL9KEJ4D3ABdR6YTebIlNr5Kn1vpP5g75TaOUc57oXa tt6qse1Sgj0dS7yIeNeNQTxFgxiFCNuTEow1rpr9m8hvLE3G+PNS6374KuItG8ZyYBkifPcmWC03 CLheOe6BKThi/JC+wvTvwDHkiy/WPCJf7AQeBh7Gy54G/AJZ9STVTJSPRSGrqaP7CKrK/h8FHsXL HoMkOC8XuJ/Cy84hX3wo7gCSrLD8mlF+qvagPIKOuyO9Qmhn/29JII31/+5IwMVfUexkfXcXowcl TSwfc0KU2j3tNpXjDkM84sL4GzAHWd6PRewPh4Ucc6S/4vHK+ssgRs4wOhBnhCf8/+cQD8KwumDn K8e9rNYba0S6gPuBvyBuyeP9c407968hNrEXkIfEJMRjKWx18THluMOiup3XwUPUNKuQh9gMxL4Y h07gPsSmuRlxyz+OYM80/P5sqnJx+vbRU0OOvQP4lratf5Udty/yQA+yi56gHDenbau9gTkLxA+1 mB1h16eBGxGHnHchnmphFcM/6Qv5Hmcl30vzyyHHPQacr23rqbLjdga+C5wZcNz+yItk8vRzXnZ3 +qqv/4M4aayK1Ea++Gu87JvIqvv0xGMRobkb4tU5hXwxWuxtvnivL7T+ABUFdb+HOMbEIrYUUOix m9UQ3hg6lrWDt+e+kdPfe4HogHdGhFP5SimJnr4Pv337bWaOaE2jqVAy8d8Io3A84SqOa4HzqmJW fqYc9wzkDSmImVTaVmYQ/pbaDhyjbeuF8i+V4/4f4sV3QsCxQ/0+v59gLv7l91uhxlCO+zXgYmQl GoU5wDnVQse3E95HsIF/CHAQYk+Myybgc9q2qsviXKgc90jEGD0sQjvtwFHatv5dNf6vIKvmMOP9 FPomjz6T4Df/q7Vt9bHBadt6TjnuUYgwq7fyVIgHaJQXr6R8ArG5BHEJ8I2qlcvlynHPR1aB9VCI t2G5ZuAEgh2RHgKOqI4j88M8zlKO+zrBmoYzaERgyW+g+np+NrKwKpEv3oOXvYrk9lfofQn8dGRh 1dv/Q3jZH1Np+/ogXvYA8sXIXq+QwEtt7vZH7Dl6j6vYY9fvk9/pi1ww7MA2ZKn4BeQHcDAiiVMR VgB0dbG0I9V4wLoMUqnqskscE7J9ITCrVoCltq1fIm+TQdhVn8PUXauAD1ULK7+/NxFPpLA4nI8n mIdNwEerhZXfbxF5240SZ7YAOKPWCskPtD0SMUAHsVeC8QN8uYawKvV9P+JRGcZG4MhqYeW30YGE O4TFEdUaf5CNYmXQ2Pwg7S8BQXEujahklwDfQp4P2wODtG2pKpf2MBvno8DXa6nZtG1dTnj1h2ob ZNB92Y24qQcFUl+IuGzX48PKceN4slZTPd+PkC8mjS+7ALn/GuF3fWK7olNAtAjlxLapxRZY3xx1 5I4MauQaJMPZvIl4EWPJyKKi6P/j8oGQ7T8K0XVfgbgo1/u3wTe2lzgkpL+LtW3VtT1q2+pCDLZB HOirVOJwi7atF+tt9B+aP4nQTsEfY712XgFuC2kjiVH/VcSJIIhfAGFBkjcFxQf5v4Ufh7RRsTLw Y/uCVtX31bF5lfe7FMl4UY99ffV2XH4N5LRtXaRt6y/attbU+b2H3Sc/DMl+cjnB90m3n5mkxOSA th4P84b1X5jmBuwylKT2OC87it7g6hJ3JGoL8Fdlv0t8vJC8gGO++AZiVysnTI3bh1gqwavv/P7o xSOtfnF+6EN3N8s6O9ilpbnCskWpVDO2+67lu4bsFqjL1ba1EInziNJfC+KCHsSdYe1o23pcOe5r 1PeeUojNK07W/T9F2OfPYUMj+CFR3s7nArbHFbYAC8JSF2nb6lCO+zTBwbRRXMTDvBirPe/CrnmH ctxDI/QbpMrIINqT5yK0U+J5ZDUcOG9+iqfRAbuUDPl10bY1l+j3ySiC44jWRpyvsAfSBJJVMa91 PRNn7/B5CIlHTErS0IYS86m0k8YW5rEE1mDduU+DA26IBzdtZmaTBVZWqSQPsiDCVmzLtW2tT7G/ bQm+rhtixFH9jWB337ir0VC3aG1bbyrHDdplTdhKwacZ4RZRU1StTWEeVobMQzVh12IWjdkwSkR2 Ufe5OmJ+wh1Ctv9b21ZnCuMvERZEfyTpeKWOSnhcrfCXyFk76vCPBo5dTr7Y6HOqWgUe2/wSSyX4 +2H79b8usJzuLlYX0/zN9qVFRTKYxyHMiJwogC6AMIG7JlIrQtgPNK5wTyMgu2mJNfuRtK85SMLk /iDuNQxbMUcdf9qJXeMK3qQk/c1Xj+8t8sVEuSTLWNvAsWm8AFY/e2LHCsYSWHcPHttfN0VdvM3N db7IKpWes4gQ9oBtJIi0FmE39vBIrQhhP6iBzw5tKNE/XknRV5kloj7owsafdlxLlFV6GsSueuBT vSpN47nUyBymMf8Nn0Ncp4uwZXvTWVrspENHf2lZ2tFxU/umTcP+uXnzqR26O/TAFpXJHDJvYZor ybUh28f5dqe0CDP4b68cN2pOwbDcgf2S5cQQibBrMRuxETX0L8hZpw5Rb9aw8e/q55FMi3Uh269I Y76QFFNJqNZutOBlG43tCYuvDCKNcJ/q505sbUlcqdkMD7rYLO3oZK8h4QuTZZ0df/zj1INKgZQ3 HbHgyTN2bhl8aNhxGcXeSE2mhtG29YZy3NXUF/YtiHdUXXdR5bi7IjEdQVymbWuttq23lOO+RHD2 gsOR6PO6+PWKwjIzRM4Yb2g6L4Rs30nb1tqBHmQAy5Eg8noq+ZFIRoq6Dgx+cuawwOmLtW29pW3r NeW466jMml7OLgM8X0tqfLc/kkQ4KY1k2hmNlx1PvthIfbbqjCIvxW0grsBqREKnxtzOjlCB9Vpn 5zMPTDmoIu4iSzQPwIysLFIRWD4efWOlyjmX4CKSZyK1l+rxOhITUmIRwQKrTTnuXSH1lb4dck4v a9t6R1aa3hrRtvWqctzl1Pd8OxxJe1QXP/h2esAuz2rbCvtdJB1/t3LcxdSvjwbiNHJ2yPYvBWxf om3rgrLPTyJB9rWYphx3aFDOTOW4xxMsINdp2woqtxPE84hnZLn25VAaE1iNOpEcidRmS8qhVZ9j Z02JqxJMKyFlY3R1sSlAu7eq2Nn+eldXvvy76e6is3dsyUZ6w8igkgaV1iMs/uEU5bg18/4pxz2A 8PQxj1bFtdwXsv/+wI3KcWtKfeW4XybYJRwai+A3NIf7A7bl/WwWNfEzhHwfCaat96/ZTlf3h2w/ 0y/8WWv8BwPnhRxfHVYR1N9opLpAvfkaAfwoZL6C3PSDEQeL6pfY0/CySUoSgZedBExNPB7hXL+6 cZL+96NvnF3TUzNtESssgOXFTvYY3Pd5u6Kz47E3urqt8hIhU92FM/YcPPgqFbGMTFapsLipuNyG pJQJcmKY49901yNL5XHIj/4bhHtQ3Vz1+R5k1RX0gnEiMEk57uVILNVmJK5qJuH5C0HSNxm2LG4g OKXTTcpxzwZuKw/A9V+Kbifc6/OmJo//JiTHXL3nkkIyx/8UCUZeiqSCOx4JdA8TqNXjvxXJ0lNP XXORctxO4Gflrvm+cL+RcBtvo/N1B5Ur3lJ5mytitSJC5soGxwLyfDgPCdCO079Cnn/ldJIgkDmu tN4ibFgAz3VWOtF0o3mpo+Oa+6ccNKVKWL1/QkvLH1pUJvK5pp1PUNvWKsIzJGQQ1eBTiLB5FvgB 4W7x7VStqLRtbUDy8oWxF5K37i9IxdTfEE1Y3aVta3Gac2RoHG1bfyY4uHYkYrt8UTnuLcpx5yjH fQKxC4XFWP4hTrXjhONfSvhDPouo/RYjbtJ/RRLRhoWjPKFtq2KF5SdvDsreMAjJOPKyctw7lePe oBz3ESTTfVii4xeQxMyNcCN9nUMu8etjRUOExVWIqrWROKw1iGflJXhZO+ax3wGqi0jeSr4Yuz7X O1MlCCzv6hVYG7q7NrywefPHHpp60Dnl+0x1Fx48oaXlsaGZQbG88FpU5Eqacfg/IgSMxkQD59ZJ c/MTkkXYh7GOAFWJYcCZRbiL+O5IvsjTCE+HBPKgmt1P4/8awfn5ktBF/d/stwgvbDgWWcV9Bnmh i6KZmhUxYLo++eIG5LlRzlDgIbzs6b4wqo+X3RGppVVadUdJe1aP9cgKvgW4Hy/7Rbxs8Dx42Va8 7NX01tAq8TbBNvm6NMOtfQmSvPMLJDCqRUZrVheLHUs7OuYs7egcPc+aXFF5d5q76MQ9Bg9eEFdY AWSVSlJKPni4trUOOJm+CSAb4QI/HU2t/jqRmyxNx4hO4BQ/W7VhC0Tb1nNIVeY0mVlelqPJ41+F lLhp7GFfyZe1bS2q098bSJ2vNDMSXKBtK7Z9pg5X0tf2Ngz4FbDIFxwH4GW388vXj8HLzsDLXoFk ljjOP+ZuEtiMqvguEn7Qgqw8n8PLfhkvOwkvOxwvm8XLjsXLTsfL/ghZZdb6LX6RfHFJjH57iCyw lOMOItoK61Patq7RtnUFkrzxw4gNJ83o/peA2fe89dYOf5x60OmPTZtc8eP+8PwnL91ryODbB6tM IgPhoIjehHHRtrUAESJpBC1erG3rwqAd/ESzMxBdf6O8DXxC29aDzZgbQ3po2/oVUqal0cwiRSQP 4C0NthN3/A4itNJ4ufuun8k9qD8XuS8bqY9W4iJtW99rvBmffLELEai11LHvQwTHM8iqtBt5QX0Y MS+UkgT8g751tZKMZTVSpaEk3PdE6qh5SExVJ7ACEbBfo7YJ6WLyxWuTDiHOCitq0HBPvihtW1rb 1sPatk5B8kadgthykuhSX0JqRn0I2Evb1uX6w1Mqguumugt3Ovaxp/4+YfDgL2ciOljUIqtU04pv adv6PVK2/umETawFTtW2FakukbatZ4H3I0b1pDwJHKxt67fNmhdDumjbugxxQ345YRMvANO1bSXP 0N3Y+O9A7ERJtTSrgRPDXurK+vsdUuUgqZ1uld/ft1KfjHzxdX8uknjmLgAs8sWwQOmoY5mPvATH TRqwGVlZNVRPLY7Aimq/+o5f8bYCbVsbtW3dpm3rbG1bOcTj8EPIm0ABKcswB1mN3YDoW7+EeMrt rG1rd21bn9e29Uit0hIz5i+6aI/Bg18Zk23JNTIhAC0qfo6rOGjbegYpbXA60e1MryOOFPto24rl faRta6W2rZORdP53E1398RekqN4Hmm1wN6SPtq0/IJ5dXyX6Kvt5xBNsP18jMJDjX4gEu55F9Jfc lUi17X20bYVWJajq72lk1XIG0QXXCkRV9u64/cUiX1xHvngsouKLEiO6DLmOh/orozTHMh/JtH4d 4enZisgz/UDyxcsa7TqOW3tUl/ZzkMJllwE3+gUB+6BtazWSrr6hlPXT3UWzd8xmL9hj8JDU1HhZ lUk7n2Ct8y8iAnqOX9p8OqJCHYu4sb+NeOYsQUpNLGg0W7W2rceAx/zaSTOQqrx7IN5jWcSw+gpy Qzzi15WKwy8ILv0RtSxFkPoiajoXL6SdxQmOifq2/1OCiwlGFR5BY4mUxNj3GL0UuFQ5bikWZ19E XTMUeXlZjgiEedq2/hZxbCV+iLxg1qOhh6Vf0PLnwM+V4+6D3Cc5eu+Tt5CXuZeQRLuPN+Ls4B97 PXC9ctx3I8Gu+5f1V0RWU88jq5dFQbXZ6jCLShf86OVa8sV7gHvwsvsjDiATkWfzIMQh6nl/Hh71 1YnV16L6N1XPPLGgat/K+06E4Nl42a8jHoCTkaD14X6byxCP5wfIF+Mk3A5EaR2tLKJy3BOJr1Z6 C/G1vwV4WNtWKnYs5bjbInFEnz995Lbvy6r0S3S1b9o0/LFpk/srQabBYDAYQoizwkri0r4N4hl3 MlJAbj4iuf8CPOl7BIXiZ2SYhKwKpiNviYMBNutusipZ8HUQfj7Bxak3bDAYDIZExBFYjWZqH4wI nJ7cXcpx30ScNF5GsoxvRFRhIxFhNwYJbt0VantRdGgdq15GVPz0TIub0LTBYDAYEhBHYMWuDhmB kUhJ6wOTNrCpu1u0tymTVaFpVwwGg8HQj/TnCqspdEYzwcUmg9ploM/NYDBsvbR57RnEqeOjwHjE YeFN4G/AvYV8rr3GMZOAaWVfvVnI566v0/40KkuKvFLI5+p6MrZ57WOAo5HsJ6X0dK8hJpx7C/nc yoBjT0DyOtaiG3GM8Qr5XCPpoZpuw2o6HRGdRuKSVew80OdmMBi2Ttq89v0QZ7T9a2z+BHBRm9d+ M3BWIZ8rd/6aRmWKpSXUz4d4HHB+2ed5QB+B1ea1j0DSJ82idoLuM4Ar27z264BvFvK5Wp7f51Ep SOud9zPAeYV8LlHIRJw4rC0mU3t/MEjcWA0GgyFV2rz2XRHhsX/Irp8CHmzz2ptg9OgZy3ikft6X CK4m0YLEzHptXnsj5ZfeC8xr89qPSHJwHIG1xWRqrziB9D3aAcgqlbyWjcFgMNTn2/TVWL0A/IG+ 6aGmEl5FORFtXvsoJL/gvjEO2xN4yFcfJiUD/LLNaw/LsF/zwKhskTasbAMpmIIYhBo10OdmMBi2 Sj5S9fkfQK6Qzx2BlAGpDnz+dKRW43MJsHfVd2uQwpQn+f8K9M2ePwEJRg/iGqSA5WgkK8acqu1j 6VtyJJQ4NqxmVxtNREuTVlgqarVHg8FgiEd1Vp4VhXyuE6CQzz3T5rV/Eyps6G+kPYA2r30P+ma9 eBaYUeVccUeb134ZshI7oOz7U9u89osK+dzzdbrYXMjn1vr/X9vmtc9EEueW52k9kJg1w+IIrE3Q 3Bx7SRiiklWMDkPrVMsbGAwGQ4nXqBRah7V57bOBKwr5XLGQz12SrNlYfIrKgCANnFTLE7CQz61s 89pPQlKTlR64ym/j/8I68tsotnntK6kUWCPjDjqOwHoKyWa8RTGkSUast3V3Q+6XBoPBUId7kYTE 5fwE+Fqb1z4H+FUhn4taf2yHNq/9hjrbJgccV/0snxfkcl7I555v89ofpSzxAzHkQZvXvieiSiwn bq7SWALr3jgD7C+GZZqzwtrYrcNK2hsMBkMSfgAcRV9nh3HAN4BvtHntC4AfFvK534e0NRyphByX 3ao+L45wjEelwJoQsO8kf9WY9fc7kb4pHmIXlIzztL8OqcW05aAyNFL3qh5vdBVXzbPef8dAn57B YNj6KORz65CX/xsRVVwtpgD3t3ntN7V57XEWFlGp9tCLkpi8Ohl4kLu9hawaL0Hc4au9zO8s5HNR Syv1EFlg+SXe0y693RDbDkp/ddWptX6tWPz4QJ+bwWDYeinkc2sK+dxpiJfej5ByHLX4FBBUhLIT qalX619QaZfqbVESJVTvE7XUTzWPIMHIsYklubVt3eaX9riKpmTwi8cemXSH0Km7u5d0dM6cb00e 0MJ1BoPhv4NCPvcCogL8FmADX0HqXJUzu81r/35VxosSywv53IG12va9+86nNv9AilWWOKzNax9U yOe66rSVqTGuKIUkS7yKqBTnAHcU8rlEKYpiLzW1bV2nHPdp5K1gepJO02KnbDoCS6NZXSy+8HpX 1zHzrclJS3IbDAZDKG1ee47KMKF1hXzuP8Af2rz2B5EKvSeWbR+G2Lu8FIfxIJXxXeOBs5HFSC3O Qoq9lvNAQPuXF/K52WnPXSLdqLatRcBhynHHI/mjdgGGIG7vX09hXPMIrlwLwKZunV/W2RHbNbLn PGBdh9btHVpfNt+a/FoK4zYYDIYwbqIyKe2/27z2vQr5nC7kc7rNa59LpcCCeP4GUbgLWfWUp6C7 vM1rbwGuLORzRQDffnYuYosqZzXQ73b+hox52raWIoZDAJTjjqIxgbUZ8ZK5XNtWk/KwGwwGw4Ay l0qBtQciLH6MxCadU7V/N/BimgMo5HNvt3ntX0GEZ4kscBnw3TavfTHiEHIgsF2NJr5ayOfepp9p jk94Mjxgkraty4ywMhgMWzE/pa9X3heA/yDOEhOrtt1TyOdSz3ZRyOduBn5WY9NoxNxzGLWF1TWF fO6Gfp4zYMsQWF3A94GDtW2ZYF2DwbBVU8jnXgJOoK+beC1eREp3NIvzge8iz+EwupFn9awmT1Fd Blpg/QuYom3rO9q2Ogd4LAaDwdAvFPK5B5HyIjcjppBqNiGxrx8o5HMrmjgOXcjnLkQ8Bm/3+601 ltuB9xXyue8k9fBLg2YEpEXlauAr2raivGUYDAbDVkUhn/s38Gk/Mez+SKaLDLASWFzHjf1mKh3S OgK6uAS4oexz3bgpP4j3ZL/kx0R6Y66WAX+vM5ZyZgIjyj6vasacKZ1ixV7f6SJM17ocOEPb1oPN OCGDwWAwbJ30t0rwNmB/I6wMBoPBEJf+UgmuBWZp27ploE/YYDAYDO9M0l5hraOvnvQhYKIRVgaD wWBohFQFlh8/NQtYj5RV/gJwuLatZQ01bDAYDIb/ev4/VmOuHx1zu6UAAAAldEVYdGRhdGU6Y3Jl YXRlADIwMjItMDMtMDJUMDg6NDA6MzIrMDM6MDDnRRVzAAAAJXRFWHRkYXRlOm1vZGlmeQAyMDIy LTAzLTAyVDA4OjQwOjMyKzAzOjAwlhitzwAAABl0RVh0U29mdHdhcmUAQWRvYmUgSW1hZ2VSZWFk eXHJZTwAAAAASUVORK5CYII="/>
</svg>
			<h1>Welcome to CommerceLab 2022</h1>
			<p><small>(Version 1.3.2)</small></p>
			<p class="lead">CommerceLab - a component that helps you turn your Yootheme Pro website into a fully featured e-commerce website.</p>
			<p>Visit https://CommerceLab.solutions for more info</p>
			<p><a href="index.php?option=com_commercelab_shop" class="btn btn-primary btn-large">Launch CommerceLab <svg width="16px" aria-hidden="true" focusable="false" data-prefix="fal" data-icon="rocket-launch" class="svg-inline--fa fa-rocket-launch fa-w-8" role="img" xmlns="http://www.w3.org/2000/svg" viewBox="0 0 512 512"><path fill="currentColor" d="M368.05829,88.0293a55.99512,55.99512,0,1,0,55.99215,55.99414A56.01694,56.01694,0,0,0,368.05829,88.0293Zm0,79.99218a23.998,23.998,0,1,1,23.99608-23.998A24.02247,24.02247,0,0,1,368.05829,168.02148ZM505.1656,19.29492C503.98982,13.832,498.18123,8.0293,492.71835,6.86133,460.63244,0,435.48793,0,410.45084,0,307.26342,0,245.38261,55.19727,199.18734,127.98828H95.01555c-16.293,0-35.58786,11.92188-42.87692,26.4961L2.73242,253.27344A28.4,28.4,0,0,0,.2168,263.97656a24.00493,24.00493,0,0,0,23.99607,23.998H128.13466a95.98845,95.98845,0,0,1,95.98625,95.99023V487.95508a24.00243,24.00243,0,0,0,23.99608,23.998,28.53884,28.53884,0,0,0,10.70116-2.51562l98.71671-49.40039c14.55663-7.28516,26.46678-26.5625,26.46678-42.83984V312.76758C456.568,266.46094,511.982,204.37109,511.982,101.69336,512.0738,76.54492,512.0738,51.39648,505.1656,19.29492ZM37.15427,255.97656l43.60152-87.18164c1.85156-3.70508,10.11523-8.81054,14.25976-8.81054h85.08c-13.93554,28.06054-31.71287,63.99609-47.55465,95.99218l.0664.45313C131.08778,256.377,61.01753,255.97656,37.15427,255.97656Zm314.8513,161.22071c0,4.13085-5.09179,12.375-8.789,14.22461L256.115,475.01172c0-23.90234-.4043-94.06055-.46094-95.60938l.36719.04688c31.99606-15.82617,67.80267-33.58984,95.85929-47.541l.125.002Zm-102.078-70.51368a127.62739,127.62739,0,0,0-84.6347-84.55468c52.02731-103.98633,99.76945-230.13282,245.158-230.13282,21.164,0,41.29684,0,65.41987,4.1875,4.26562,24.377,4.1914,44.38477,4.11523,65.50977C479.98594,246.66406,353.00752,295.1543,249.92753,346.68359Zm-147.494-26.71289C54.35347,319.9707,2.03125,359.31836.168,480H0v32H32v-.23242C203.617,508.42969,216.8885,396.74414,165.80065,345.40039,150.85925,330.38477,127.22255,319.9707,102.43351,319.9707Zm52.914,109.39844c-12.83593,31.14844-57.63667,49.42969-123.36709,50.55078.06446-3.55469-1.11914-127.88867,70.45307-127.88867,15.09569,0,31.11521,6.29492,40.81051,16.03906C156.05456,380.94336,164.6483,406.80273,155.34753,429.36914Z"></path></svg></a></p>
		</div>



	</div>
</div>
	]]>
	</description>
	<files folder="packages">
		<file type="component" id="com_commercelab_shop">com_commercelab_shop.zip</file>
		<file type="plugin" id="commercelab_shop" group="installer">plg_installer_commercelab_shop.zip</file>
	   	<!-- <file type="plugin" id="system_commercelab_shop_animation" group="system">plg_system_commercelab_shop_animation.zip</file>-->
		<!-- <file type="plugin" id="stripepayment" group="commercelab_shop_payment">plg_commercelab_shop_payment_stripepayment.zip</file>
		<file type="plugin" id="stripepayment" group="system">plg_system_commercelab_shop_stripepayment.zip</file>
		<file type="plugin" id="paypalpay" group="commercelab_shop_payment">plg_commercelab_shop_payment_paypal.zip</file>
		<file type="plugin" id="paypalpay" group="system">plg_system_commercelab_shop_paypal.zip</file> -->
		<file type="plugin" id="system_commercelab_shop" group="system">plg_system_commercelab_shop.zip</file>

		<file type="plugin" id="offlinepay" group="commercelab_shop_payment">plg_commercelab_shop_payment_offlinepay.zip</file>
		<file type="plugin" id="commercelab_shop_offlinepay" group="system">plg_system_commercelab_shop_offlinepay.zip</file>
		<file type="plugin" id="io" group="commercelab_shop_extended">plg_commercelab_shop_extended_io.zip</file>
		
		
	   
		<file type="plugin" id="ajax_commercelab_shop_ajaxhelper" group="ajax">plg_ajax_commercelab_shop_ajaxhelper.zip</file>
		<file type="plugin" id="commercelab_shop_user" group="user">plg_user_commercelab_shop.zip</file>
		<file type="plugin" id="commercelab_shop_fields" group="content">plg_content_commercelab_shop_fields.zip</file>
		<file type="plugin" id="commercelab_shop_shortcodes" group="content">plg_content_commercelab_shop_shortcodes.zip</file>
		<file type="plugin" id="commercelab_shop_quickicon" group="quickicon">plg_quickicon_commercelab_shop.zip</file>
		
		<file type="plugin" id="emailer" group="commercelab_shop_system">plg_commercelab_shop_system_emailer.zip</file>

		<file type="plugin" id="defaultshipping" group="commercelab_shop_shipping">plg_commercelab_shop_shipping_defaultshipping.zip</file>
		<file type="plugin" id="coresystemtaxes" group="commercelab_shop_taxes">plg_commercelab_shop_taxes_coresystemtaxes.zip</file>
		<file type="module" id="mod_commercelab_shop_cart" client="site">mod_commercelab_shop_cart.zip</file>
		<file type="module" id="mod_commercelab_shop_currencyswitcher" client="site">mod_commercelab_shop_currencyswitcher.zip</file>
		<file type="module" id="mod_commercelab_shop_customeraddresses" client="site">mod_commercelab_shop_customeraddresses.zip</file>
		<file type="module" id="mod_commercelab_shop_customerorders" client="site">mod_commercelab_shop_customerorders.zip</file>
		
	</files>
	<scriptfile>script.php</scriptfile>
	<updateservers>
		<server type="extension" priority="1" name="CommerceLab Shop"><![CDATA[https://app.commercelab.shop/index.php?option=com_rdsubs&view=updater&format=xml&element=commercelab_shop_lite&type=.xml]]></server>
	</updateservers>
	<!-- <dlid prefix="dlid=" sufix="&amp;dummy=my.zip"/> -->
</extension>
